tipo,N. Albo,Linea/Comparto,Accordi collettivi,Etichetta accordi,Costo sottoscrizione individuale,Costo sottoscrizione collettiva,Commissione gestione collettiva,Provvigione incentivo,Note,Fonte
FPA,63,CRESCITA 25+,true,Adesione collettiva - classe A,"30,00 Euro","Spese adesione non previste; spese annue dirette: 6,00 euro; classe A. Gestione comparto: 0,90% del patrimonio.","0,90% del patrimonio.",,,63 - Arti & Mestieri- adesioni collettive.pdf
FPA,63,RIVALUTAZIONE 10+,true,Adesione collettiva - classe A,"30,00 Euro","Spese adesione non previste; spese annue dirette: 6,00 euro; classe A. Gestione comparto: 0,80% del patrimonio.","0,80% del patrimonio.",,,63 - Arti & Mestieri- adesioni collettive.pdf
FPA,63,CONSERVAZIONE 3+,true,Adesione collettiva - classe A,"30,00 Euro","Spese adesione non previste; spese annue dirette: 6,00 euro; classe A. Gestione comparto: 0,60% del patrimonio.","0,60% del patrimonio.",,,63 - Arti & Mestieri- adesioni collettive.pdf
FPA,63,GARANZIA 1+,true,Adesione collettiva - classe A,"30,00 Euro","Spese adesione non previste; spese annue dirette: 6,00 euro; classe A. Gestione comparto: 0,50% del patrimonio.","0,50% del patrimonio.",,,63 - Arti & Mestieri- adesioni collettive.pdf
FPA,63,INCREMENTO E GARANZIA 5+,true,Adesione collettiva - classe A,"30,00 Euro","Spese adesione non previste; spese annue dirette: 6,00 euro; classe A. Gestione comparto: 0,60% del patrimonio.","0,60% del patrimonio.",,,63 - Arti & Mestieri- adesioni collettive.pdf
FPA,63,EQUILIBRIO 5+,true,Adesione collettiva - classe A,"30,00 Euro","Spese adesione non previste; spese annue dirette: 6,00 euro; classe A. Gestione comparto: 0,70% del patrimonio.","0,70% del patrimonio.",,,63 - Arti & Mestieri- adesioni collettive.pdf
FPA,26,RENDITA SOSTENIBILE,true,Adesione collettiva - classe C,65 euro,"Spese adesione non previste; spese annue dirette: 6 euro. Gestione comparto: 0,84% del patrimonio su base annua.","0,84% del patrimonio su base annua.",,,26 - ARCA PREVIDENZA_Scheda Collettivita Classe C.pdf
FPA,26,CRESCITA SOSTENIBILE,true,Adesione collettiva - classe C,65 euro,"Spese adesione non previste; spese annue dirette: 6 euro. Gestione comparto: 0,90% del patrimonio su base annua.","0,90% del patrimonio su base annua.",,,26 - ARCA PREVIDENZA_Scheda Collettivita Classe C.pdf
FPA,26,ALTA CRESCITA SOSTENIBILE,true,Adesione collettiva - classe C,65 euro,"Spese adesione non previste; spese annue dirette: 6 euro. Gestione comparto: 0,96% del patrimonio su base annua.","0,96% del patrimonio su base annua.",,,26 - ARCA PREVIDENZA_Scheda Collettivita Classe C.pdf
FPA,26,OBIETTIVO TFR,true,Adesione collettiva - classe C,65 euro,"Spese adesione non previste; spese annue dirette: 6 euro. Gestione comparto: 0,90% del patrimonio su base annua.","0,90% del patrimonio su base annua.",,,26 - ARCA PREVIDENZA_Scheda Collettivita Classe C.pdf
FPA,92,EQUILIBRATO,true,Adesione collettiva - classe C da 20 aderenti,10 Euro,"Spese adesione non prevista; spese annue dirette: 18 euro fino a 5 aderenti, 15 euro da 6 a 15, 12 euro da 16 a 50, 6 euro da 51 a 100, non applicata oltre 100. Gestione comparto: Classe C da 20 aderenti: 1,20% del patrimonio su base annua; ordinaria: 1,50%.","Classe C da 20 aderenti: 1,20% del patrimonio su base annua; ordinaria: 1,50%.",La classe C richiede almeno 20 aderenti; possibili provvigioni di incentivo come da scheda.,La classe C richiede almeno 20 aderenti; possibili provvigioni di incentivo come da scheda.,92 - AZIMUT PREVIDENZA - Scheda Costi - Adesioni Collettive - DEF.pdf
FPA,92,CRESCITA,true,Adesione collettiva - classe C da 20 aderenti,10 Euro,"Spese adesione non prevista; spese annue dirette: 18 euro fino a 5 aderenti, 15 euro da 6 a 15, 12 euro da 16 a 50, 6 euro da 51 a 100, non applicata oltre 100. Gestione comparto: Classe C da 20 aderenti: 1,45% del patrimonio su base annua; ordinaria: 1,80%.","Classe C da 20 aderenti: 1,45% del patrimonio su base annua; ordinaria: 1,80%.",La classe C richiede almeno 20 aderenti; possibili provvigioni di incentivo come da scheda.,La classe C richiede almeno 20 aderenti; possibili provvigioni di incentivo come da scheda.,92 - AZIMUT PREVIDENZA - Scheda Costi - Adesioni Collettive - DEF.pdf
FPA,92,OBBLIGAZIONARIO,true,Adesione collettiva - classe C da 20 aderenti,10 Euro,"Spese adesione non prevista; spese annue dirette: 18 euro fino a 5 aderenti, 15 euro da 6 a 15, 12 euro da 16 a 50, 6 euro da 51 a 100, non applicata oltre 100. Gestione comparto: Classe C da 20 aderenti: 0,80% del patrimonio su base annua; ordinaria: 1,00%.","Classe C da 20 aderenti: 0,80% del patrimonio su base annua; ordinaria: 1,00%.",La classe C richiede almeno 20 aderenti; possibili provvigioni di incentivo come da scheda.,La classe C richiede almeno 20 aderenti; possibili provvigioni di incentivo come da scheda.,92 - AZIMUT PREVIDENZA - Scheda Costi - Adesioni Collettive - DEF.pdf
FPA,171,BILANCIATO CONSERVATIVO,true,Adesione collettiva - classe C da 20 aderenti,10 Euro,"Spese adesione non prevista; spese annue dirette: 18 euro fino a 5 aderenti, 15 euro da 6 a 15, 12 euro da 16 a 50, 6 euro da 51 a 100, non applicata oltre 100. Gestione comparto: Classe C da 20 aderenti: 0,80% del patrimonio su base annua; ordinaria: 1,00%.","Classe C da 20 aderenti: 0,80% del patrimonio su base annua; ordinaria: 1,00%.",La classe C richiede almeno 20 aderenti; possibili provvigioni di incentivo come da scheda.,La classe C richiede almeno 20 aderenti; possibili provvigioni di incentivo come da scheda.,171 - AZIMUT SUSTAINABLE FUTURE - Scheda Costi - Adesioni Collettive - DEF.pdf
FPA,171,BILANCIATO,true,Adesione collettiva - classe C da 20 aderenti,10 Euro,"Spese adesione non prevista; spese annue dirette: 18 euro fino a 5 aderenti, 15 euro da 6 a 15, 12 euro da 16 a 50, 6 euro da 51 a 100, non applicata oltre 100. Gestione comparto: Classe C da 20 aderenti: 1,20% del patrimonio su base annua; ordinaria: 1,50%.","Classe C da 20 aderenti: 1,20% del patrimonio su base annua; ordinaria: 1,50%.",La classe C richiede almeno 20 aderenti; possibili provvigioni di incentivo come da scheda.,La classe C richiede almeno 20 aderenti; possibili provvigioni di incentivo come da scheda.,171 - AZIMUT SUSTAINABLE FUTURE - Scheda Costi - Adesioni Collettive - DEF.pdf
FPA,171,BILANCIATO ACCRESCITIVO,true,Adesione collettiva - classe C da 20 aderenti,10 Euro,"Spese adesione non prevista; spese annue dirette: 18 euro fino a 5 aderenti, 15 euro da 6 a 15, 12 euro da 16 a 50, 6 euro da 51 a 100, non applicata oltre 100. Gestione comparto: Classe C da 20 aderenti: 1,45% del patrimonio su base annua; ordinaria: 1,80%.","Classe C da 20 aderenti: 1,45% del patrimonio su base annua; ordinaria: 1,80%.",La classe C richiede almeno 20 aderenti; possibili provvigioni di incentivo come da scheda.,La classe C richiede almeno 20 aderenti; possibili provvigioni di incentivo come da scheda.,171 - AZIMUT SUSTAINABLE FUTURE - Scheda Costi - Adesioni Collettive - DEF.pdf
FPA,53,OBBLIGAZIONARIO ESG,true,Adesione collettiva - classe C,2,"Spese adesione non previste; spese annue dirette: 8 euro; classe C. Gestione comparto: 0,75% del patrimonio su base annua.","0,75% del patrimonio su base annua.",,,53 - Fondo Pensione Aperto Aureo_BCC_COSTI Adesioni Collettive.pdf
FPA,53,BILANCIATO ESG,true,Adesione collettiva - classe C,2,"Spese adesione non previste; spese annue dirette: 8 euro; classe C. Gestione comparto: 0,80% del patrimonio su base annua.","0,80% del patrimonio su base annua.",,,53 - Fondo Pensione Aperto Aureo_BCC_COSTI Adesioni Collettive.pdf
FPA,53,AZIONARIO ESG,true,Adesione collettiva - classe C,2,"Spese adesione non previste; spese annue dirette: 8 euro; classe C. Gestione comparto: 0,85% del patrimonio su base annua.","0,85% del patrimonio su base annua.",,,53 - Fondo Pensione Aperto Aureo_BCC_COSTI Adesioni Collettive.pdf
FPA,53,PRUDENTE ESG,true,Adesione collettiva - classe C,2,"Spese adesione non previste; spese annue dirette: 8 euro; classe C. Gestione comparto: 0,45% del patrimonio su base annua.","0,45% del patrimonio su base annua.",,,53 - Fondo Pensione Aperto Aureo_BCC_COSTI Adesioni Collettive.pdf
FPA,53,GARANTITO ESG,true,Adesione collettiva - classe C,2,"Spese adesione non previste; spese annue dirette: 8 euro; classe C. Gestione comparto: 0,50% del patrimonio su base annua.","0,50% del patrimonio su base annua.",,,53 - Fondo Pensione Aperto Aureo_BCC_COSTI Adesioni Collettive.pdf
FPA,57,LINEA GARANTITA,true,Adesione collettiva - soglie dipendenti,Non previste,"Spese adesione non previste; spese annue dirette: 20 euro aziende fino a 49 dipendenti, 10 euro oltre 49 dipendenti. Gestione comparto: 1,15% del patrimonio su base annua.","1,15% del patrimonio su base annua.",,,57 - Crédit Agricole Vita FPA-fpa_ni_fpa_credit_agricole_costi_collettivita.pdf
FPA,57,LINEA MODERATA,true,Adesione collettiva - soglie dipendenti,Non previste,"Spese adesione non previste; spese annue dirette: 20 euro aziende fino a 49 dipendenti, 10 euro oltre 49 dipendenti. Gestione comparto: 1,20% del patrimonio su base annua.","1,20% del patrimonio su base annua.",,,57 - Crédit Agricole Vita FPA-fpa_ni_fpa_credit_agricole_costi_collettivita.pdf
FPA,57,LINEA DINAMICA,true,Adesione collettiva - soglie dipendenti,Non previste,"Spese adesione non previste; spese annue dirette: 20 euro aziende fino a 49 dipendenti, 10 euro oltre 49 dipendenti. Gestione comparto: 1,40% del patrimonio su base annua.","1,40% del patrimonio su base annua.",,,57 - Crédit Agricole Vita FPA-fpa_ni_fpa_credit_agricole_costi_collettivita.pdf
FPA,78,NUOVO OBBLIGAZIONARIO ETICO,true,Adesione collettiva Programma Open - fasce A/B/C,"50,00 Euro","Fasce A/B/C disponibili. Spese adesione non previste nelle fasce A/B; fascia C con commissione una tantum come da scheda. Spese annue dirette fino a 30,00 euro; gestione variabile per fascia. Valore dataset per comparto: 30,00 Euro / 1,10% su base annua",,,"Schede multiple per fasce A/B/C; il PDF non consente estrazione affidabile di tutti i valori numerici in modo tabellare, quindi il dettaglio va verificato sulla fonte.",78 - Programma Open_GROUPAMA_scheda-sintetica-fascia-A.pdf; 78 - Programma Open_GROUPAMA_scheda-sintetica-fascia-B.pdf; 78 - Programma Open_GROUPAMA_scheda-sintetica-fascia-C.pdf
FPA,78,BILANCIATO ETICO,true,Adesione collettiva Programma Open - fasce A/B/C,"50,00 Euro","Fasce A/B/C disponibili. Spese adesione non previste nelle fasce A/B; fascia C con commissione una tantum come da scheda. Spese annue dirette fino a 30,00 euro; gestione variabile per fascia. Valore dataset per comparto: 30,00 Euro / 1,30% su base annua",,,"Schede multiple per fasce A/B/C; il PDF non consente estrazione affidabile di tutti i valori numerici in modo tabellare, quindi il dettaglio va verificato sulla fonte.",78 - Programma Open_GROUPAMA_scheda-sintetica-fascia-A.pdf; 78 - Programma Open_GROUPAMA_scheda-sintetica-fascia-B.pdf; 78 - Programma Open_GROUPAMA_scheda-sintetica-fascia-C.pdf
FPA,78,PREVALENTEMENTE AZIONARIO ETICO,true,Adesione collettiva Programma Open - fasce A/B/C,"50,00 Euro","Fasce A/B/C disponibili. Spese adesione non previste nelle fasce A/B; fascia C con commissione una tantum come da scheda. Spese annue dirette fino a 30,00 euro; gestione variabile per fascia. Valore dataset per comparto: 30,00 Euro / 1,50% su base annua",,,"Schede multiple per fasce A/B/C; il PDF non consente estrazione affidabile di tutti i valori numerici in modo tabellare, quindi il dettaglio va verificato sulla fonte.",78 - Programma Open_GROUPAMA_scheda-sintetica-fascia-A.pdf; 78 - Programma Open_GROUPAMA_scheda-sintetica-fascia-B.pdf; 78 - Programma Open_GROUPAMA_scheda-sintetica-fascia-C.pdf
FPA,111,PRUDENTE,true,Adesione collettiva Azione di Previdenza,20 euro,"Spese adesione non previste; spese annue dirette: 20 euro. Gestione comparto: 1,00% del patrimonio su base annua.","1,00% del patrimonio su base annua.",,,111 - Azione di Previdenza_HDI_PARTE_I_SCHEDA_I_COSTI_per_adesione_su_base_collettiva_03-2026_def.pdf
FPA,111,EQUILIBRATA,true,Adesione collettiva Azione di Previdenza,20 euro,"Spese adesione non previste; spese annue dirette: 20 euro. Gestione comparto: 1,40% del patrimonio su base annua.","1,40% del patrimonio su base annua.",,,111 - Azione di Previdenza_HDI_PARTE_I_SCHEDA_I_COSTI_per_adesione_su_base_collettiva_03-2026_def.pdf
FPA,111,DINAMICA,true,Adesione collettiva Azione di Previdenza,20 euro,"Spese adesione non previste; spese annue dirette: 20 euro. Gestione comparto: 1,80% del patrimonio su base annua.","1,80% del patrimonio su base annua.",,,111 - Azione di Previdenza_HDI_PARTE_I_SCHEDA_I_COSTI_per_adesione_su_base_collettiva_03-2026_def.pdf
FPA,111,GARANTITA,true,Adesione collettiva Azione di Previdenza,20 euro,"Spese adesione non previste; spese annue dirette: 20 euro. Gestione comparto: 0,70% del patrimonio su base annua.","0,70% del patrimonio su base annua.",,,111 - Azione di Previdenza_HDI_PARTE_I_SCHEDA_I_COSTI_per_adesione_su_base_collettiva_03-2026_def.pdf
FPA,10,TFR+,true,Adesione collettiva - soglie potenziali aderenti,"€ 15,00","Spese adesione: 10,00 euro fino a 49 potenziali aderenti; 5,00 euro oltre 49. Spese annue dirette: 13,94 euro. Gestione comparto: 0,80% dal patrimonio su base annua.","0,80% dal patrimonio su base annua.",Commissione incentivo prevista dalla scheda dove applicabile.,Commissione incentivo prevista dalla scheda dove applicabile.,10 - PrevidSystem_Scheda_Costi_Collettive_03_2026_UA.pdf
FPA,10,CRESCITA PRUDENTE,true,Adesione collettiva - soglie potenziali aderenti,"€ 15,00","Spese adesione: 10,00 euro fino a 49 potenziali aderenti; 5,00 euro oltre 49. Spese annue dirette: 13,94 euro. Gestione comparto: 0,80% dal patrimonio su base annua.","0,80% dal patrimonio su base annua.",Commissione incentivo prevista dalla scheda dove applicabile.,Commissione incentivo prevista dalla scheda dove applicabile.,10 - PrevidSystem_Scheda_Costi_Collettive_03_2026_UA.pdf
FPA,10,CRESCITA DINAMICA,true,Adesione collettiva - soglie potenziali aderenti,"€ 15,00","Spese adesione: 10,00 euro fino a 49 potenziali aderenti; 5,00 euro oltre 49. Spese annue dirette: 13,94 euro. Gestione comparto: 0,90% dal patrimonio su base annua.","0,90% dal patrimonio su base annua.",Commissione incentivo prevista dalla scheda dove applicabile.,Commissione incentivo prevista dalla scheda dove applicabile.,10 - PrevidSystem_Scheda_Costi_Collettive_03_2026_UA.pdf
FPA,10,ACCUMULAZIONE BILANCIATA,true,Adesione collettiva - soglie potenziali aderenti,"€ 15,00","Spese adesione: 10,00 euro fino a 49 potenziali aderenti; 5,00 euro oltre 49. Spese annue dirette: 13,94 euro. Gestione comparto: 1,05% dal patrimonio su base annua.","1,05% dal patrimonio su base annua.",Commissione incentivo prevista dalla scheda dove applicabile.,Commissione incentivo prevista dalla scheda dove applicabile.,10 - PrevidSystem_Scheda_Costi_Collettive_03_2026_UA.pdf
FPA,10,RIVALUTAZIONE AZIONARIA,true,Adesione collettiva - soglie potenziali aderenti,"€ 15,00","Spese adesione: 10,00 euro fino a 49 potenziali aderenti; 5,00 euro oltre 49. Spese annue dirette: 13,94 euro. Gestione comparto: 1,35% dal patrimonio su base annua.","1,35% dal patrimonio su base annua.",Commissione incentivo prevista dalla scheda dove applicabile.,Commissione incentivo prevista dalla scheda dove applicabile.,10 - PrevidSystem_Scheda_Costi_Collettive_03_2026_UA.pdf
FPA,70,MONETARIA,true,Adesione collettiva - sconti per numerosita,"13,00 euro","Spese adesione: 13,00 euro con sconti 25% fino a 15 aderenti, 50% da 16 a 99, 75% da 100 a 499, 100% oltre 499. Spese annue dirette: 18,59 euro. Gestione comparto: 0,57% dal patrimonio su base annua.","0,57% dal patrimonio su base annua.",,,70 - Giustiniano_Scheda_Costi_Collettive_03_2026_UA.pdf
FPA,70,TFR+,true,Adesione collettiva - sconti per numerosita,"13,00 euro","Spese adesione: 13,00 euro con sconti 25% fino a 15 aderenti, 50% da 16 a 99, 75% da 100 a 499, 100% oltre 499. Spese annue dirette: 18,59 euro. Gestione comparto: 0,66% dal patrimonio su base annua.","0,66% dal patrimonio su base annua.",,,70 - Giustiniano_Scheda_Costi_Collettive_03_2026_UA.pdf
FPA,70,BILANCIATA,true,Adesione collettiva - sconti per numerosita,"13,00 euro","Spese adesione: 13,00 euro con sconti 25% fino a 15 aderenti, 50% da 16 a 99, 75% da 100 a 499, 100% oltre 499. Spese annue dirette: 18,59 euro. Gestione comparto: 1,05% dal patrimonio su base annua.","1,05% dal patrimonio su base annua.",,,70 - Giustiniano_Scheda_Costi_Collettive_03_2026_UA.pdf
FPA,70,AZIONARIA,true,Adesione collettiva - sconti per numerosita,"13,00 euro","Spese adesione: 13,00 euro con sconti 25% fino a 15 aderenti, 50% da 16 a 99, 75% da 100 a 499, 100% oltre 499. Spese annue dirette: 18,59 euro. Gestione comparto: 1,35% dal patrimonio su base annua.","1,35% dal patrimonio su base annua.",,,70 - Giustiniano_Scheda_Costi_Collettive_03_2026_UA.pdf
FPA,70,OBBLIGAZIONARIA,true,Adesione collettiva - sconti per numerosita,"13,00 euro","Spese adesione: 13,00 euro con sconti 25% fino a 15 aderenti, 50% da 16 a 99, 75% da 100 a 499, 100% oltre 499. Spese annue dirette: 18,59 euro. Gestione comparto: 0,66% dal patrimonio su base annua.","0,66% dal patrimonio su base annua.",,,70 - Giustiniano_Scheda_Costi_Collettive_03_2026_UA.pdf
FPA,84,LINEA BREVE TERMINE,true,Adesione collettiva - classe C,Non previste,"Spese adesione non previste; spese annue dirette: 12,00 euro decrescenti in funzione del numero di potenziali aderenti; classe C. Gestione comparto: 0,50% dal patrimonio su base annua.","0,50% dal patrimonio su base annua.",Commissione incentivo prevista dalla scheda dove applicabile.,Commissione incentivo prevista dalla scheda dove applicabile.,84 - IlMioDomani_Scheda_I_Costi_Collettive_03_2026_UA.pdf
FPA,84,LINEA TFR,true,Adesione collettiva - classe C,Non previste,"Spese adesione non previste; spese annue dirette: 12,00 euro decrescenti in funzione del numero di potenziali aderenti; classe C. Gestione comparto: 0,64% dal patrimonio su base annua.","0,64% dal patrimonio su base annua.",Commissione incentivo prevista dalla scheda dove applicabile.,Commissione incentivo prevista dalla scheda dove applicabile.,84 - IlMioDomani_Scheda_I_Costi_Collettive_03_2026_UA.pdf
FPA,84,LINEA MEDIO TERMINE,true,Adesione collettiva - classe C,Non previste,"Spese adesione non previste; spese annue dirette: 12,00 euro decrescenti in funzione del numero di potenziali aderenti; classe C. Gestione comparto: 0,75% dal patrimonio su base annua.","0,75% dal patrimonio su base annua.",Commissione incentivo prevista dalla scheda dove applicabile.,Commissione incentivo prevista dalla scheda dove applicabile.,84 - IlMioDomani_Scheda_I_Costi_Collettive_03_2026_UA.pdf
FPA,84,LINEA LUNGO TERMINE,true,Adesione collettiva - classe C,Non previste,"Spese adesione non previste; spese annue dirette: 12,00 euro decrescenti in funzione del numero di potenziali aderenti; classe C. Gestione comparto: 0,86% dal patrimonio su base annua.","0,86% dal patrimonio su base annua.",Commissione incentivo prevista dalla scheda dove applicabile.,Commissione incentivo prevista dalla scheda dove applicabile.,84 - IlMioDomani_Scheda_I_Costi_Collettive_03_2026_UA.pdf
FPA,84,LINEA BREVE TERMINE ESG,true,Adesione collettiva - classe C,Non previste,"Spese adesione non previste; spese annue dirette: 12,00 euro decrescenti in funzione del numero di potenziali aderenti; classe C. Gestione comparto: 0,50% dal patrimonio su base annua.","0,50% dal patrimonio su base annua.",Commissione incentivo prevista dalla scheda dove applicabile.,Commissione incentivo prevista dalla scheda dove applicabile.,84 - IlMioDomani_Scheda_I_Costi_Collettive_03_2026_UA.pdf
FPA,84,LINEA MEDIO TERMINE ESG,true,Adesione collettiva - classe C,Non previste,"Spese adesione non previste; spese annue dirette: 12,00 euro decrescenti in funzione del numero di potenziali aderenti; classe C. Gestione comparto: 0,75% dal patrimonio su base annua.","0,75% dal patrimonio su base annua.",Commissione incentivo prevista dalla scheda dove applicabile.,Commissione incentivo prevista dalla scheda dove applicabile.,84 - IlMioDomani_Scheda_I_Costi_Collettive_03_2026_UA.pdf
FPA,84,LINEA LUNGO TERMINE ESG,true,Adesione collettiva - classe C,Non previste,"Spese adesione non previste; spese annue dirette: 12,00 euro decrescenti in funzione del numero di potenziali aderenti; classe C. Gestione comparto: 0,86% dal patrimonio su base annua.","0,86% dal patrimonio su base annua.",Commissione incentivo prevista dalla scheda dove applicabile.,Commissione incentivo prevista dalla scheda dove applicabile.,84 - IlMioDomani_Scheda_I_Costi_Collettive_03_2026_UA.pdf
FPA,153,CAPITALE SICURO,true,Adesione collettiva - classe C,"12,50 euro","Spese adesione nessuna; spese annue dirette: 9,00 euro. Gestione comparto: 0,69% dal patrimonio su base annua.","0,69% dal patrimonio su base annua.",,,153 - UBIPrev_Scheda_I_Costi_Collettive_03_2026_UA.pdf
FPA,153,GARANTITO,true,Adesione collettiva - classe C,"12,50 euro","Spese adesione nessuna; spese annue dirette: 9,00 euro. Gestione comparto: 0,99% dal patrimonio su base annua.","0,99% dal patrimonio su base annua.",,,153 - UBIPrev_Scheda_I_Costi_Collettive_03_2026_UA.pdf
FPA,153,PRUDENTE,true,Adesione collettiva - classe C,"12,50 euro","Spese adesione nessuna; spese annue dirette: 9,00 euro. Gestione comparto: Classe C: 0,69% dal patrimonio su base annua.","Classe C: 0,69% dal patrimonio su base annua.",,,153 - UBIPrev_Scheda_I_Costi_Collettive_03_2026_UA.pdf
FPA,153,MODERATO,true,Adesione collettiva - classe C,"12,50 euro","Spese adesione nessuna; spese annue dirette: 9,00 euro. Gestione comparto: Classe C: 0,84% dal patrimonio su base annua.","Classe C: 0,84% dal patrimonio su base annua.",,,153 - UBIPrev_Scheda_I_Costi_Collettive_03_2026_UA.pdf
FPA,153,DINAMICO,true,Adesione collettiva - classe C,"12,50 euro","Spese adesione nessuna; spese annue dirette: 9,00 euro. Gestione comparto: Classe C: 0,90% dal patrimonio su base annua.","Classe C: 0,90% dal patrimonio su base annua.",,,153 - UBIPrev_Scheda_I_Costi_Collettive_03_2026_UA.pdf
FPA,153,AGGRESSIVO,true,Adesione collettiva - classe C,"12,50 euro","Spese adesione nessuna; spese annue dirette: 9,00 euro. Gestione comparto: Classe C: 0,96% dal patrimonio su base annua.","Classe C: 0,96% dal patrimonio su base annua.",,,153 - UBIPrev_Scheda_I_Costi_Collettive_03_2026_UA.pdf
FPA,40,ACTIVITAS,true,Adesione collettiva Plurifonds,"25,82 euro","Spese adesione non richiesta per adesioni collettive/convenzionamenti; spese annue dirette: 20,49 euro per Aequitas, 15,49 euro altri comparti; residenti Trentino-Alto Adige: 12,75 euro Aequitas, 7,75 euro altri comparti. Gestione comparto: 1,50% del patrimonio su base annua.","1,50% del patrimonio su base annua.",,La scheda specifica che per adesioni collettive/convenzionamenti non e richiesto il pagamento della commissione una tantum.,40- Plurifonds.pdf
FPA,40,SOLIDITAS,true,Adesione collettiva Plurifonds,"25,82 euro","Spese adesione non richiesta per adesioni collettive/convenzionamenti; spese annue dirette: 20,49 euro per Aequitas, 15,49 euro altri comparti; residenti Trentino-Alto Adige: 12,75 euro Aequitas, 7,75 euro altri comparti. Gestione comparto: 1,15% del patrimonio su base annua.","1,15% del patrimonio su base annua.",,La scheda specifica che per adesioni collettive/convenzionamenti non e richiesto il pagamento della commissione una tantum.,40- Plurifonds.pdf
FPA,40,AEQUITAS,true,Adesione collettiva Plurifonds,"25,82 euro","Spese adesione non richiesta per adesioni collettive/convenzionamenti; spese annue dirette: 20,49 euro per Aequitas, 15,49 euro altri comparti; residenti Trentino-Alto Adige: 12,75 euro Aequitas, 7,75 euro altri comparti. Gestione comparto: 1,05% del patrimonio su base annua.","1,05% del patrimonio su base annua.",,La scheda specifica che per adesioni collettive/convenzionamenti non e richiesto il pagamento della commissione una tantum.,40- Plurifonds.pdf
FPA,40,SERENITAS,true,Adesione collettiva Plurifonds,"25,82 euro","Spese adesione non richiesta per adesioni collettive/convenzionamenti; spese annue dirette: 20,49 euro per Aequitas, 15,49 euro altri comparti; residenti Trentino-Alto Adige: 12,75 euro Aequitas, 7,75 euro altri comparti. Gestione comparto: 0,80% del patrimonio su base annua.","0,80% del patrimonio su base annua.",,La scheda specifica che per adesioni collettive/convenzionamenti non e richiesto il pagamento della commissione una tantum.,40- Plurifonds.pdf
FPA,40,SECURITAS,true,Adesione collettiva Plurifonds,"25,82 euro","Spese adesione non richiesta per adesioni collettive/convenzionamenti; spese annue dirette: 20,49 euro per Aequitas, 15,49 euro altri comparti; residenti Trentino-Alto Adige: 12,75 euro Aequitas, 7,75 euro altri comparti. Gestione comparto: 1,00% del patrimonio su base annua.","1,00% del patrimonio su base annua.",,La scheda specifica che per adesioni collettive/convenzionamenti non e richiesto il pagamento della commissione una tantum.,40- Plurifonds.pdf
FPA,50,OBBLIGAZIONARIO GARANTITO,true,Adesione collettiva - classe A,Non previste,"Spese adesione non previste; spese dirette non applicate; classe A. Gestione comparto: 0,45% annuo del patrimonio.","0,45% annuo del patrimonio.",,,50 - SELLASGR_EURORISPARMIO_SCHEDACOLLETTIVA.pdf
FPA,50,OBBLIGAZIONARIO,true,Adesione collettiva - classe A,Non previste,"Spese adesione non previste; spese dirette non applicate; classe A. Gestione comparto: 0,45% annuo del patrimonio.","0,45% annuo del patrimonio.",,,50 - SELLASGR_EURORISPARMIO_SCHEDACOLLETTIVA.pdf
FPA,50,BILANCIATO,true,Adesione collettiva - classe A,Non previste,"Spese adesione non previste; spese dirette non applicate; classe A. Gestione comparto: 0,60% annuo del patrimonio.","0,60% annuo del patrimonio.",,,50 - SELLASGR_EURORISPARMIO_SCHEDACOLLETTIVA.pdf
FPA,50,AZIONARIO EUROPA,true,Adesione collettiva - classe A,Non previste,"Spese adesione non previste; spese dirette non applicate; classe A. Gestione comparto: 0,70% annuo del patrimonio.","0,70% annuo del patrimonio.",,,50 - SELLASGR_EURORISPARMIO_SCHEDACOLLETTIVA.pdf
FPA,50,AZIONARIO INTERNAZIONALE,true,Adesione collettiva - classe A,Non previste,"Spese adesione non previste; spese dirette non applicate; classe A. Gestione comparto: 0,70% annuo del patrimonio.","0,70% annuo del patrimonio.",,,50 - SELLASGR_EURORISPARMIO_SCHEDACOLLETTIVA.pdf
FPA,17,GARANTITA ETICA,true,Adesione collettiva TESEO - classi 1/2,50 euro (Scheda I Costi standard),"Spese adesione non previste; spese dirette non previste. Gestione comparto: Classe 1 fino a 499 unita: 0,65%; Classe 2 da 500 unita: 0,65%.","Classe 1 fino a 499 unita: 0,65%; Classe 2 da 500 unita: 0,65%.",,Due PDF fonte: classe 1 fino a 499 unita e classe 2 da 500 unita.,17 - TESEO-Scheda Costi Collettivita_classe 1 finoa 499U - 2026-06.pdf; 17 - TESEO-Scheda Costi Collettivita_classe 2 da 500U - 2026-06.pdf
FPA,17,PRUDENZIALE ETICA,true,Adesione collettiva TESEO - classi 1/2,50 euro (Scheda I Costi standard),"Spese adesione non previste; spese dirette non previste. Gestione comparto: Classe 1 fino a 499 unita: 1,00%; Classe 2 da 500 unita: 0,65%.","Classe 1 fino a 499 unita: 1,00%; Classe 2 da 500 unita: 0,65%.",,Due PDF fonte: classe 1 fino a 499 unita e classe 2 da 500 unita.,17 - TESEO-Scheda Costi Collettivita_classe 1 finoa 499U - 2026-06.pdf; 17 - TESEO-Scheda Costi Collettivita_classe 2 da 500U - 2026-06.pdf
FPA,17,BILANCIATA ETICA,true,Adesione collettiva TESEO - classi 1/2,50 euro (Scheda I Costi standard),"Spese adesione non previste; spese dirette non previste. Gestione comparto: Classe 1 fino a 499 unita: 1,30%; Classe 2 da 500 unita: 0,65%.","Classe 1 fino a 499 unita: 1,30%; Classe 2 da 500 unita: 0,65%.",,Due PDF fonte: classe 1 fino a 499 unita e classe 2 da 500 unita.,17 - TESEO-Scheda Costi Collettivita_classe 1 finoa 499U - 2026-06.pdf; 17 - TESEO-Scheda Costi Collettivita_classe 2 da 500U - 2026-06.pdf
FPA,17,SVILUPPO ETICA,true,Adesione collettiva TESEO - classi 1/2,50 euro (Scheda I Costi standard),"Spese adesione non previste; spese dirette non previste. Gestione comparto: Classe 1 fino a 499 unita: 1,50%; Classe 2 da 500 unita: 0,65%.","Classe 1 fino a 499 unita: 1,50%; Classe 2 da 500 unita: 0,65%.",,Due PDF fonte: classe 1 fino a 499 unita e classe 2 da 500 unita.,17 - TESEO-Scheda Costi Collettivita_classe 1 finoa 499U - 2026-06.pdf; 17 - TESEO-Scheda Costi Collettivita_classe 2 da 500U - 2026-06.pdf
FPA,22,PREVIDENZA GARANTITA,true,Adesione collettiva Vittoria Formula Lavoro,"50,00 euro","Spese adesione: 50,00 euro; spese dirette: 2,00 euro mensili. Gestione comparto: 1,00% del patrimonio.","1,00% del patrimonio.",,PDF indicato come ELIMINARE PAGINE: dati estratti dalla sezione scheda costi collettiva.,22 - ELIMINARE PAGINE-Vittoria Formula Lavoro - COLLETT.pdf
FPA,22,PREVIDENZA EQUILIBRATA,true,Adesione collettiva Vittoria Formula Lavoro,"50,00 euro","Spese adesione: 50,00 euro; spese dirette: 2,00 euro mensili. Gestione comparto: 1,32% del patrimonio.","1,32% del patrimonio.",,PDF indicato come ELIMINARE PAGINE: dati estratti dalla sezione scheda costi collettiva.,22 - ELIMINARE PAGINE-Vittoria Formula Lavoro - COLLETT.pdf
FPA,22,PREVIDENZA BILANCIATO INTERNAZIONALE,true,Adesione collettiva Vittoria Formula Lavoro,"50,00 euro","Spese adesione: 50,00 euro; spese dirette: 2,00 euro mensili. Gestione comparto: 1,00% del patrimonio.","1,00% del patrimonio.",,PDF indicato come ELIMINARE PAGINE: dati estratti dalla sezione scheda costi collettiva.,22 - ELIMINARE PAGINE-Vittoria Formula Lavoro - COLLETT.pdf
FPA,22,PREVIDENZA CAPITALIZZATA,true,Adesione collettiva Vittoria Formula Lavoro,"50,00 euro","Spese adesione: 50,00 euro; spese dirette: 2,00 euro mensili. Gestione comparto: 1,68% del patrimonio.","1,68% del patrimonio.",,PDF indicato come ELIMINARE PAGINE: dati estratti dalla sezione scheda costi collettiva.,22 - ELIMINARE PAGINE-Vittoria Formula Lavoro - COLLETT.pdf
